Samuel;Sandoval;1947-04-09
Renee;Miller;1929-12-17
Carrie;Delgado;1992-01-13
Jamie;Johnson;1951-11-30
James;Brown;1920-02-08
Jessica;Duke;1904-04-25
Justin;Jackson;1933-12-01
Judith;Brown;1909-06-24
Christine;Smith;1923-01-24
Sarah;King;1966-07-21
Michael;Vaughn;1995-01-15
Taylor;Richards;1955-08-25
Kelly;Wilson;1927-06-20
Michael;Olson;1949-09-07
Eduardo;Romero;1996-11-13
Anita;Moody;1978-02-10
Andrea;Allen;1901-06-20
Bradley;Ramirez;1903-07-12
Roberto;Kelly;1931-06-08
Vanessa;Rosario;1928-11-29
John;Atkinson;1921-07-04
Bethany;Wolfe;1934-05-04
Thomas;Reyes;1940-03-15
John;Taylor;1905-09-17
Stephanie;Bryant;1932-10-13
Holly;Holt;1971-02-10
Daniel;Johnson;1995-02-06
Todd;Mills;1955-02-18
Jennifer;White;1925-06-25
Robert;Marquez;1970-03-04
Sarah;James;1948-08-19
Daniel;Garcia;1958-04-24
Donald;Johnson;1947-06-16
Eric;Guerrero;1969-12-12
Vanessa;Cook;1969-01-05
Mackenzie;Roberts;1908-11-11
Michael;Webb;1994-03-22
James;Middleton;1910-12-19
Hunter;Jones;1924-03-22
Timothy;Scott;1945-03-01
Nancy;Sanchez;1983-05-01
Michael;Martinez;1971-02-17
Jay;Taylor;1902-01-15
Nicole;Hardin;1918-10-28
Brandy;Ellison;1919-11-05
Erica;Hansen;1909-05-16
Mr.;Mark;1909-12-28
Dr.;Scott;1994-11-25
Patricia;Adams;1907-12-26
Cynthia;Morales;1991-01-09
Brenda;Johnson;1907-01-14
Nicole;Smith;1926-04-08
Donna;Turner;1946-07-18
Haley;Tucker;1900-10-13
Eric;Wade;1947-11-01
Thomas;Bullock;1950-07-04
David;Mcmahon;1947-04-21
Dwayne;Pugh;1924-06-10
Kyle;Morris;1952-07-19
Larry;Simmons;1971-07-04
Lynn;Brown;1988-06-30
Martha;Ray;1904-08-23
Natasha;Stone;1976-02-13
Teresa;Perez;1969-12-27
Marie;Aguilar;1972-07-03
Dawn;Ellis;1961-03-30
Sean;Patel;1978-05-14
Allison;Carter;1967-03-30
Valerie;Estrada;1900-03-19
Allison;Peterson;1931-09-26
Kyle;Davis;1903-11-20
Jennifer;Bates;1927-02-05
Jesse;Smith;1986-09-21
Eric;Owens;1994-06-08
Carrie;Allen;1920-09-13
Connor;Burns;1918-08-02
Laura;Allen;1915-06-22
Edward;Perez;1956-04-06
Ian;Martinez;1922-11-04
Nicholas;Green;1977-07-28
Scott;Riley;1967-12-25
Robert;Ortiz;1953-04-19
Eric;Berger;1995-12-08
April;Travis;1984-04-02
Chris;Ramos;1994-06-27
Elizabeth;Fischer;1980-10-08
Mitchell;Mckinney;1969-09-08
Anthony;Morrow;1919-02-08
Jessica;Burke;1969-02-14
Taylor;Woods;1955-08-06
Dean;Reed;1940-08-14
Lori;Lucero;1972-03-15
Jessica;Huffman;1964-12-30
Christopher;Dyer;1941-12-28
April;Smith;1942-01-21
Gary;Lee;1932-06-03
Patrick;Freeman;1922-03-19
Dennis;Lawson;1941-05-15
Brian;Santos;2001-07-22
Dawn;Craig;1919-10-29
Tamara;Walker;1921-02-13
William;Morris;1936-07-19
Anthony;Morse;1956-11-02
Briana;Mcgee;1914-03-26
James;Kim;1941-10-13
Amanda;Thompson;1981-08-05
Jeffrey;Morgan;1938-05-16
Patricia;Smith;1909-01-25
Troy;Moreno;1953-12-03
David;Hendrix;1909-06-04
Martin;Jackson;1981-09-05
Caleb;Allen;1905-01-03
Kimberly;Ramirez;1998-10-11
Donald;Rogers;1960-10-12
Calvin;Tucker;1990-12-07
Crystal;Dixon;1916-11-27
Jorge;Thornton;1914-06-08
Pamela;Gonzalez;1947-10-20
Angel;Allen;1923-06-11
Ricky;Black;1915-07-24
Chad;Miller;1928-09-23
Albert;Buchanan;1935-02-01
Mr.;Jordan;1904-10-29
Michael;Jones;1989-05-22
Christina;Hamilton;1954-05-28
Matthew;Simmons;1917-12-02
Henry;Black;1941-05-08
Laura;Flores;1928-10-17
Patrick;Vega;1997-10-18
Holly;Lopez;1902-08-03
Bianca;Patel;1975-04-28
Elizabeth;Collins;1932-07-23
Curtis;Williamson;1961-06-09
Autumn;Cummings;1930-08-26
Melissa;Shea;1970-11-09
Barbara;Roberts;1934-03-28
Julie;Knight;1969-01-09
Chad;Brown;1919-04-21
Raymond;Khan;1909-12-18
Marvin;Mccarty;1955-05-04
Thomas;Williams;1967-10-06
Stacie;Delgado;1912-02-17
Nicole;Marsh;1947-06-25
Michael;Myers;1929-05-14
Ronald;Strickland;1907-06-12
April;Davis;1903-09-22
Kristy;Peters;1916-05-20
Isaiah;Maynard;1980-09-08
Tina;Martinez;1930-03-02
Lawrence;Smith;1979-12-22
Jason;Stevenson;1954-02-08
Grant;Reese;1986-10-22
Joyce;Williams;1999-03-21
Joseph;Torres;1919-12-07
Jill;York;1981-03-01
Bryan;Vargas;1908-07-04
Nicole;Winters;1903-11-10
Mindy;Jordan;1917-02-23
Angelica;Peterson;2000-01-13
Scott;Peterson;1931-12-05
Jill;Riley;1922-02-18
Monica;Ramirez;1903-10-21
Dennis;Steele;1945-10-16
Carol;Ray;1909-03-17
Erica;Stewart;1954-01-20
Anthony;Gonzalez;1994-09-12
Monica;Sharp;1915-09-23
Michael;Thomas;1935-10-06
Margaret;Rocha;1957-11-14
Steven;Adams;1933-03-21
Stacey;Hays;1944-08-21
Stephanie;Gonzalez;1915-05-19
Cassie;Nicholson;1919-02-17
Frances;Garcia;1941-12-07
Allison;Williams;1916-10-14
Ryan;Walker;1934-05-14
Kristine;Hunt;1952-01-23
George;Garcia;1998-01-13
Benjamin;James;1932-10-12
Jason;Brown;1932-09-15
Nichole;Johnson;1928-09-26
Edward;Harris;1933-11-05
Tonya;Hardy;1959-07-24
Mario;Brown;1937-04-24
Gregory;Meadows;1970-06-06
Dr.;Julie;1988-10-17
Christian;Roth;1938-02-19
Timothy;Cowan;1956-09-25
Nicole;Hayes;1937-07-24
Amanda;King;1925-02-21
Catherine;Dunlap;1965-02-23
Kyle;Young;1929-05-07
Jennifer;Hoffman;1900-09-05
Ruth;Mendez;1910-07-26
Desiree;Harmon;1947-01-17
Benjamin;Smith;1927-08-20
Mr.;Lee;1972-08-19
Brittany;Jackson;1906-10-03
Jordan;Colon;1944-08-06
Patrick;Williams;1940-11-11
Michael;Strickland;1981-05-11
Penny;Wheeler;1960-08-24
Peter;Figueroa;1973-01-31
Patricia;Chang;1947-02-14
Charles;Lawson;1992-06-09
Rachael;Sutton;1946-06-19
Patrick;Wells;1921-08-25
Joseph;Wilkinson;1987-03-18
Mary;Jones;1957-04-13
Stephen;Hayes;1973-02-02
Ronald;Mann;1943-10-17
Emily;Johnson;1988-01-01
Crystal;Duncan;1982-12-19
Jeffery;Santana;1961-03-13
Maria;Williamson;1953-03-11
Christine;Cobb;1993-03-19
Andrea;Salinas;1936-08-20
Sara;Turner;1987-09-07
Jason;Reyes;1934-12-15
Donna;Logan;1953-02-05
Mark;Rogers;1921-07-03
Anthony;Edwards;1900-08-29
Thomas;Lucas;1983-09-02
Jacqueline;Serrano;1962-10-14
Jennifer;Campbell;1927-05-24
Jacqueline;Taylor;1954-06-14
Gregory;Thomas;1965-12-09
Shelly;Wilkerson;1984-02-05
Jared;Blackburn;1964-10-03
April;Smith;1968-08-30
Jessica;Gordon;1966-12-16
Christopher;Torres;1999-07-26
Erica;Turner;1973-04-01
Danielle;Harris;1981-10-02
Terry;Hodges;1957-12-29
John;Adams;1979-06-13
Jason;Lee;1979-12-24
Evelyn;Owens;1981-02-26
Mrs.;Angelica;1947-07-04
Michelle;Torres;1930-08-12
Kathleen;Walker;1965-05-06
Edward;Hammond;1961-05-30
Shelia;Clark;1938-08-11
Monique;Smith;1926-08-05
John;Price;1968-02-15
Matthew;Blair;1964-11-25
Robert;Little;1928-06-18
Patrick;Cooper;1960-08-19
Mary;Gonzalez;1908-12-07
Morgan;Martin;1974-04-26
Luke;Griffith;1993-11-30
Matthew;Dunn;1940-04-01
Brad;Henderson;1937-07-05
Pamela;Callahan;1926-12-12
Rebekah;Hubbard;1917-12-16
Theodore;Barber;1974-05-16
Kim;Frank;1953-08-19
Lisa;Davis;1907-07-31
Jason;Thomas;1977-09-21
Justin;Livingston;1987-10-23
Mrs.;Kathy;1927-03-22
Jonathan;Strong;1964-03-10
Sean;Sawyer;1909-07-28
Wendy;Jones;1995-05-31
Douglas;Paul;1934-05-28
Jennifer;Meyer;2000-08-16
Rebecca;Watson;1954-09-19
Danielle;Johnson;1906-05-10
Stephen;Fleming;1983-01-12
Ricardo;Walsh;1960-10-29
Joseph;Adams;1991-07-05
Kimberly;Scott;1958-11-28
Tracy;Galloway;1964-05-14
Tina;Herrera;1961-09-05
Anna;Davis;1921-02-08
Amy;Moore;1941-11-06
Brian;Kaufman;1904-05-31
Kristin;Smith;1966-03-05
Denise;Henson;1903-11-18
Victoria;Willis;1948-01-01
Sean;Gutierrez;1997-01-25
John;Ball;1921-08-02
Lisa;Martinez;1927-11-28
Whitney;Woods;1955-05-17
Charles;Ramirez;1966-01-20
Seth;Jones;1932-02-08
John;Ellis;1906-12-17
Katie;Johnson;1909-01-13
Tammie;Vaughan;1976-08-21
Paul;Freeman;1912-10-17
Tony;Moore;1977-11-22
Andrew;Gardner;1939-08-20
Keith;Davis;1992-03-17
James;Miles;1936-09-22
Gabrielle;Nguyen;1983-11-27
Tabitha;Martinez;1913-09-01
Robert;Blair;1965-04-14
Holly;Wilson;1983-07-15
Lauren;Campos;1969-07-24
Wanda;Harris;1900-01-09
Daniel;Day;1999-09-01
Christina;Wall;1932-04-30
Shawn;Beltran;1980-07-17
Phillip;Hart;1922-04-28
Pamela;Francis;1959-08-24
Elizabeth;Kim;1908-09-07
Valerie;Coleman;1903-04-23
Jenna;Perez;1910-05-20
Jeremy;Sutton;1901-05-23
Tami;Henson;1944-08-07
Robert;Weiss;1976-09-12
William;Armstrong;1976-05-13
Sarah;Thomas;1970-03-10
Roy;Martin;1979-02-20
Brian;Buck;1959-04-09
Alex;Young;1962-10-24
Destiny;Williams;1931-09-21
Laura;Thomas;1925-08-14
Paul;Glover;1920-02-04
Stephen;Branch;1965-06-27
James;Perez;1978-04-01
Victoria;Boyd;1939-05-02
Kimberly;Colon;1903-12-20
Kathy;Brewer;1912-09-25
Jeremy;Christensen;1933-07-04
Rachel;Morris;1978-03-12
Joseph;Ochoa;1901-03-09
Shawn;Morgan;1963-12-26
Ariana;Wagner;1916-05-25
Donna;Miller;1986-03-16
Anthony;Pruitt;1986-05-12
Morgan;Wang;1984-12-30
Molly;Petty;1988-02-17
Clifford;Stewart;1968-03-02
Jennifer;Zavala;1902-12-04
Jerry;Parker;1950-11-21
Jennifer;Walker;1990-11-28
Jacob;Jones;1934-11-05
Kimberly;Stewart;1967-07-12
Lauren;Melendez;1958-03-14
Jodi;Cox;1925-09-10
Tammy;Kelly;1979-10-14
Jennifer;Perry;1941-12-16
Jennifer;Barry;1943-12-15
Steve;Thomas;1933-09-10
Kathleen;Garza;1909-10-07
James;Jackson;1978-06-13
Rachel;Lutz;1921-04-07
Crystal;Arnold;1973-07-02
Michael;Cooper;1932-12-02
Thomas;Conner;1966-10-24
Michael;Robinson;1942-08-17
Sherry;Carroll;1936-02-29
Michelle;Golden;1904-02-02
Shelby;Richardson;1968-02-09
Jerome;Perry;1933-07-20
Evelyn;Watts;1941-09-26
Anna;Hudson;1928-06-06
James;Ruiz;1936-08-21
Juan;Watson;1999-05-30
Rebecca;Rodriguez;1901-05-21
Brittany;Miller;1965-09-21
Jacqueline;Skinner;1906-10-11
Lauren;Cox;1959-10-14
Courtney;Jensen;1903-06-24
Jimmy;Gallagher;1982-05-19
Parker;Martinez;1950-11-06
Angela;Taylor;1944-12-12
Jeremy;Joyce;1938-12-09
Laura;Booth;1992-11-15
Alexandra;Reynolds;1960-01-13
Eric;Owens;1931-09-15
Sherry;Garcia;1986-02-06
Thomas;Peterson;1943-07-22
Alicia;Fisher;1905-11-09
Jason;Blankenship;1916-02-16
Taylor;Gregory;1999-11-19
Christopher;Sullivan;1995-07-03
Denise;Meyer;1909-10-10
Jacqueline;Gordon;1953-04-04
James;Thomas;1969-02-27
Benjamin;Turner;1908-08-17
Kevin;Woods;1940-01-18
Catherine;Garrison;1927-11-17
Patricia;Boyd;1942-10-03
Paula;Olsen;1982-08-18
Heather;Walton;1942-08-30
Christina;Riggs;1945-05-16
Michael;Osborne;1941-02-23
Jessica;Mann;1904-06-06
Michael;Cruz;1977-02-24
John;Miller;1906-04-17
Jacqueline;Jones;1999-04-17
Dennis;Dodson;1943-09-12
Sheryl;Murphy;1939-10-05
Nicole;Newman;1935-02-24
Austin;Stanley;1955-01-30
Kevin;Martinez;1991-03-08
Anne;Mcdaniel;1990-08-02
Ryan;Pena;1911-06-05
Krystal;Wade;1934-02-04
Dennis;Brewer;1989-08-30
Christie;Nelson;1972-10-16
Tammy;Scott;1918-10-15
Mark;Tate;1992-10-18
Lauren;Huynh;1926-09-04
Hayley;Reed;1907-11-12
Tyler;Steele;1989-08-15
Frederick;Mccarty;1940-11-09
Jacqueline;Shannon;1962-10-19
Oscar;Robinson;1979-04-29
Mark;Hall;1984-05-29
Jamie;Rodriguez;1952-10-09
Ronald;Edwards;2000-07-20
Danielle;Wright;1930-02-21
Dawn;Nelson;1968-06-24
Christina;Hodge;1973-09-01
Adam;Anderson;1931-02-23
Elizabeth;Mcdowell;1943-09-17
Michelle;Crawford;1938-04-28
Melissa;James;1984-07-31
Andre;Gonzalez;1926-04-14
Jason;Jenkins;1973-10-09
John;Knox;1931-12-13
Robert;Bowen;1951-05-15
Crystal;Barnes;1983-05-17
Daniel;Williams;1961-09-11
Christopher;Ray;1928-04-18
Troy;Vance;1989-01-16
Frank;Martin;1976-09-12
Daniel;Allen;1931-04-19
Jeremy;Morton;1983-11-24
Patricia;Lee;1975-10-31
Elizabeth;Roy;1997-12-21
Erica;Mathis;1979-01-25
Janet;Munoz;1944-05-02
Sabrina;Mason;1924-05-02
Raymond;Smith;1963-08-08
Sandra;Ponce;1919-05-18
Steven;Montoya;1989-08-15
Mario;Hoffman;1972-02-25
Tammy;Anderson;1906-09-01
Michelle;Adams;1942-03-20
Brooke;Wood;1903-11-10
Jason;Singh;1958-11-12
Nicholas;Perry;1967-05-16
Melissa;Morgan;1910-12-04
Linda;Nelson;1986-09-25
Ashley;Sweeney;1936-10-10
Leslie;Miller;1945-06-07
Wendy;Russell;1939-03-03
David;Case;1981-08-05
Julie;Kaiser;1925-07-05
Lisa;Hoover;1901-02-01
Elizabeth;Peterson;1971-07-18
Michelle;Sullivan;1960-07-05
Krista;Gray;1943-06-19
Diane;Ramirez;1972-08-19
Dr.;Anthony;1985-03-01
Emma;Krause;1950-08-11
Eric;Wilson;1917-08-30
Jill;Perez;1947-10-30
Katherine;Martin;1910-07-02
Anthony;Blankenship;1956-07-04
Carrie;Rice;1932-01-28
William;Johnson;1952-09-15
Nicole;Mccoy;1956-03-07
Megan;Bailey;1983-10-31
Andrew;Hobbs;1931-12-18
Isaiah;Morrow;1929-07-27
Jeffrey;Johnson;1992-01-22
Joseph;Compton;2000-09-09
Lisa;Ramirez;1911-02-19
Denise;Thompson;1976-06-14
Brent;Taylor;1919-04-17
William;Young;1982-02-09
Stephen;Herrera;1984-10-14
Casey;Smith;1910-10-15
Sara;Gillespie;1980-05-27
Elizabeth;Thomas;1927-06-21
Melissa;Huang;1977-04-29
Mary;Curtis;1971-07-23
Christina;Robertson;1962-10-02
Jacqueline;Miller;1974-11-28
Steven;Wise;1929-07-08
Laura;Ortiz;1931-05-20
Sheena;Gonzalez;1974-12-16
Kevin;Taylor;1994-04-02
Kimberly;Phillips;1904-10-22
Brenda;Brown;1904-02-23
Kristina;Dean;1942-05-30
Darlene;Shaw;1944-12-14
Marissa;Gibson;1983-01-24
Danielle;Williams;1989-06-18
Christopher;Payne;1999-01-18
Todd;Kelly;1927-12-18
David;Romero;1924-04-10
Leslie;Johnson;2001-06-01
George;Bass;1921-01-05
Nicole;Marshall;1904-08-09
Dr.;Todd;1998-11-18
Shannon;Stephenson;1977-04-10
Karen;Austin;1907-11-26
Scott;Randolph;1990-05-14
Alyssa;Ayala;2001-03-18
Peter;Wolfe;1949-05-12
Jill;Jacobs;1934-09-27
Christopher;Ibarra;1961-02-03
Jacob;Young;1912-08-13
Anna;White;1984-04-29
Alan;Valenzuela;1926-09-14
Courtney;Rodriguez;1993-11-27
Gregory;Herrera;1977-11-05
Frank;Bush;1961-08-17
Ryan;Castillo;1992-03-25
Sandy;Delgado;1933-09-22
Olivia;Wilson;1940-08-27
Sandra;Martin;1921-06-14
Miguel;Johnson;1996-05-20
Patricia;Lewis;1924-03-26
Larry;Martin;1965-05-29
Dana;Keith;1935-07-18
Charles;Evans;1916-09-04
Rachel;Mathews;1915-12-16
Samuel;Robertson;1985-11-16
Traci;Griffith;1953-09-30
David;Young;1995-09-12
Christopher;Lane;1942-02-24
Michael;Allen;1928-05-09
Kristina;Obrien;1922-06-07
Angela;Allen;1920-04-11
Jordan;Cook;1905-08-17
Jennifer;Johnson;1981-05-08
Sean;Jones;1900-08-28
Dustin;Porter;1969-08-29
Sandra;Edwards;1943-09-09
Mr.;Michael;1948-12-14
William;Washington;1958-07-17
Nichole;Hopkins;1980-01-02
Vanessa;Pineda;1963-11-17
Dr.;Heather;1968-02-01
Dr.;Katherine;1966-03-28
Emily;Charles;1972-05-10
Kimberly;Walker;1904-08-08
John;Beasley;1933-10-21
John;Hill;1939-08-24
Zachary;Kim;1978-05-08
Stephanie;Howard;1905-03-27
Leah;Wall;1970-11-05
Tanya;Henderson;1922-02-16
Guy;Hill;1993-06-04
Adriana;Young;1998-06-14
Randall;Williams;1914-08-02
Jennifer;Haynes;1972-10-25
Catherine;Wilson;1905-01-10
Briana;Mays;1958-09-25
Sabrina;Finley;1956-06-18
Crystal;Lee;1986-11-27
Alexandra;Becker;1905-08-09
Cristina;Reynolds;1914-06-08
Ricardo;Davis;1950-09-09
Anthony;Smith;1919-12-04
Amy;Hernandez;1914-12-07
Jonathan;Acevedo;1983-11-30
Jaclyn;Harris;1999-04-25
David;Davis;1932-03-01
Timothy;Wilkinson;1944-12-27
Daniel;Duncan;1924-11-28
Gloria;Potter;1912-01-14
Luis;Dodson;1907-08-31
Tamara;Maxwell;1942-06-17
Emily;Kramer;1954-02-25
Amy;Morris;1961-01-13
John;Sanders;1920-10-09
Chloe;Doyle;1903-09-15
Alyssa;Garcia;1951-03-03
Jessica;Holland;1900-11-18
Gary;Rose;1970-10-20
Brandon;Martinez;1925-08-22
William;Jackson;1944-07-20
Brianna;Stephens;1909-04-19
Jennifer;Rivera;1977-04-19
Melissa;Clark;1992-11-23
Mr.;John;1998-08-25
Ashley;Williams;1929-09-30
Shannon;Jones;1983-02-09
Deborah;Ford;1957-04-05
Kerry;Moreno;1902-07-07
Lisa;Quinn;1966-12-10
Amanda;Novak;1949-01-20
Angela;Mullins;1938-03-25
Angela;Miller;1990-02-25
Melissa;Ferguson;1928-08-26
Brian;May;1961-03-02
Casey;Cox;1962-07-23
William;Burns;1923-06-17
Dennis;Golden;1919-08-28
Lacey;Perez;1986-08-10
Corey;Padilla;1978-03-18
Gina;Delacruz;1965-09-15
Scott;Allen;1935-01-09
Wendy;Walker;1997-03-10
Mrs.;Autumn;1966-12-20
Tina;Robles;1908-03-04
Randy;Sexton;1920-03-31
Sarah;Robertson;1960-01-28
Willie;Bryant;1973-12-13
Laura;Diaz;1964-12-27
Jennifer;Evans;1991-04-18
Jason;Waters;1967-02-16
Brian;Johnson;1929-03-16
Robert;Cooper;1956-04-11
Brett;Carr;1962-03-15
Justin;Fuller;1959-05-22
Sara;Buck;1929-09-14
Lisa;Fowler;1994-01-20
Scott;Henderson;1929-02-11
Erik;Noble;1933-08-17
Shaun;Brown;1980-03-11
Christopher;Heath;1915-10-23
Jessica;Mayo;1921-03-10
Tammy;Barnes;1987-11-15
Maria;Russell;1951-08-09
Ann;Lane;1916-11-20
Timothy;Davenport;1991-09-21
Melissa;Warner;1940-02-25
Stephanie;Jackson;1940-06-13
Brenda;Hubbard;1979-11-30
Kevin;Brown;1994-04-05
Christine;Diaz;1956-04-14
James;Moss;1938-06-10
Julie;Cole;1935-05-26
Rachel;Gomez;1972-05-27
Ryan;Smith;1986-03-20
Kristen;Jensen;1924-05-01
Kara;Martinez;1959-01-07
Jasmine;Phillips;1996-09-09
Brian;Mendoza;1913-03-27
Michael;Avery;1969-04-27
Kenneth;Larson;1923-07-01
Lawrence;Brown;1953-03-23
Alexandra;Thompson;1915-09-28
Angela;Williams;1987-07-02
Rebecca;Stephenson;1900-01-25
Tammy;Evans;1919-03-12
William;Juarez;1972-11-13
Eric;Mitchell;1984-01-24
Shelby;Howard;1929-01-17
Bruce;Simmons;1909-11-06
Lisa;Diaz;1965-02-26
Heather;May;1963-04-16
George;Miller;1990-01-28
Barry;Hawkins;1973-01-30
Sharon;Hicks;1914-07-03
Anna;Wright;1973-11-17
Christine;Berry;1978-09-05
Kenneth;Reed;1952-03-07
Todd;Foster;1955-03-11
Maria;Jones;1917-04-13
Robert;Randolph;1971-09-14
Linda;Sullivan;1977-07-13
Matthew;King;1966-02-24
Brett;Harrison;1919-02-18
Andrew;Deleon;1997-08-21
Timothy;Mercer;1912-12-12
Tiffany;Jackson;1930-07-16
Benjamin;Garcia;1959-04-24
Tyler;Black;1908-08-07
Kimberly;Phillips;1999-11-06
Amanda;Douglas;1950-01-15
Nicholas;Robinson;2001-10-04
Justin;Wright;1983-10-09
Mandy;West;1984-06-10
Alexis;Wilson;1910-04-18
William;Brown;1950-08-07
Joel;King;1968-02-22
Tracy;Gallagher;1937-09-25
Caitlin;Gray;1947-04-01
Alison;Rangel;1948-06-20
Angela;Watson;1995-05-09
Antonio;Davis;1978-02-25
Jessica;Ball;1920-12-17
Jacqueline;Roth;1906-02-15
Nancy;Schmidt;1972-08-17
Robert;Jensen;1975-11-04
Alexandra;Brown;1993-05-28
Cynthia;Allison;1970-12-06
Angel;David;1900-07-21
Mr.;Brian;1962-10-13
Steven;Moore;1985-02-17
Christopher;Dominguez;1975-03-11
Emily;Parker;1976-03-28
Karina;Ramos;1932-08-30
Anthony;Morgan;1953-07-30
Brooke;Griffith;1901-04-05
James;Gardner;1970-04-06
Deborah;Price;1971-11-15
Kim;Baker;1909-10-21
Stephen;Foster;1908-12-14
Christopher;Mills;1969-04-15
Kathy;Frank;1930-07-29
Kim;Cox;1961-09-28
Nancy;Maldonado;1907-03-05
Linda;Gregory;1963-10-10
Jennifer;Morse;1915-08-03
Cameron;Rodgers;1951-08-18
Jeffrey;Rivera;1960-03-27
Lisa;Cook;1958-09-23
Kenneth;Green;1950-05-01
Joanna;Torres;1912-12-29
Deanna;Haas;1955-06-05
Michael;Collier;1975-07-02
Christopher;Todd;1918-02-09
Robert;Bradley;1970-02-24
Kayla;Villarreal;1929-03-10
Jasmine;Lee;1910-03-04
Stephen;Walker;1924-05-23
Janet;Lewis;1982-07-02
Nicholas;Tran;1995-04-14
Diane;Tyler;1977-05-12
Jonathan;Ryan;1948-10-07
Elizabeth;Moore;1954-08-27
Colleen;Hughes;1951-02-16
Judith;Diaz;1941-12-24
Kevin;Williams;1922-09-11
Kimberly;Rush;1996-05-27
Brandon;Rodriguez;1985-01-25
Kimberly;Smith;1995-01-26
Tracy;Hayes;1903-05-10
Jessica;Reynolds;1944-03-06
Michael;Nguyen;1973-11-17
Mr.;Donald;1905-09-11
Erika;Daniels;1923-03-13
Alexis;Hendrix;2000-04-07
Terri;Raymond;1986-03-23
Antonio;Diaz;1900-11-02
Brianna;Martin;1949-11-26
Tracy;Sosa;1901-04-04
Julie;Fernandez;1983-05-30
Amber;Cooley;1902-10-20
Jonathan;Gilbert;1910-08-22
Stephen;Alvarado;2001-09-18
Lauren;Aguilar;1960-04-20
Douglas;Parker;1908-06-16
Bruce;Welch;1979-09-02
Anthony;Simmons;1996-08-07
Stephanie;Chen;1959-06-08
Phillip;Oneill;1924-03-30
Michael;Barnes;1995-03-26
Melissa;Thompson;1927-05-01
Tammy;Summers;1906-03-02
Michelle;Lynch;1975-09-02
Jessica;Robles;1986-02-09
Annette;Howard;1942-01-08
Bradley;Green;1925-04-20
Edward;Perez;1922-06-13
Lauren;Fields;1988-03-08
Jocelyn;Cline;1915-06-16
Alyssa;Cole;1960-03-07
Christopher;Simmons;1982-09-24
Ryan;Carlson;1999-07-27
David;Juarez;1917-05-07
Kristy;Beltran;1944-06-17
Angela;Richardson;1975-01-16
James;West;1961-03-23
Robert;Johnson;1903-08-23
Sarah;Wilson;1911-05-21
James;Sanchez;1984-02-02
Kimberly;Solis;1916-03-04
Kristen;Hart;1935-01-15
Kenneth;Sanchez;1971-08-06
John;Weaver;1907-04-04
Jacqueline;Garcia;1956-07-10
Donna;Skinner;1910-11-11
Patrick;Lindsey;1992-12-02
Shane;Vasquez;1986-04-29
Gina;Thompson;1957-08-09
Mrs.;Alexandra;2001-05-23
Robert;Jones;1987-04-09
Michelle;Mayo;1907-02-19
Nathan;Yang;1940-09-03
Austin;Sanders;1974-08-28
Charles;Adkins;1919-01-17
Dwayne;Rice;1927-09-20
Mark;Russell;1980-09-22
Jonathan;Li;1945-01-31
Daniel;Howard;1973-03-11
Daniel;Garcia;1997-02-18
Amanda;Beck;1916-07-12
Robin;Page;1904-06-17
Bradley;Ferguson;1966-10-02
Colin;Rodriguez;1988-04-01
Miguel;Sanchez;1991-05-25
Matthew;James;1965-02-18
Mary;Munoz;1914-12-03
Wesley;Wilson;1920-11-01
Tony;Jones;1911-10-17
Mr.;Charles;1977-10-23
Douglas;Phillips;1955-05-25
Kathleen;Kelly;1975-08-21
Gary;Campbell;1917-09-16
Brian;Cook;1961-04-30
Jennifer;Nelson;1928-02-23
Caitlin;Todd;1980-05-30
Tara;Knight;1976-03-29
Michael;Reilly;1902-04-21
James;Jones;1983-02-28
Samantha;Rivera;1937-01-08
Carol;Simpson;1950-11-20
Zachary;Mitchell;1957-04-14
Marvin;Miller;1930-12-06
Lindsay;Cox;1982-02-18
Kimberly;Thomas;1965-07-27
Rachel;Bartlett;1902-10-10
Austin;Johnson;1939-06-27
Angela;Douglas;1937-01-29
James;Johnson;2001-08-11
Robert;Barnes;1974-05-08
Kristina;Pittman;1918-07-31
Nancy;Johns;1994-05-21
Kimberly;Garcia;1981-12-19
Ronald;Mcdonald;1993-03-04
Lori;Reyes;1916-11-06
Amanda;Wilson;1992-06-29
Jennifer;Bradley;1963-06-07
Wesley;Patterson;1973-05-22
Mary;Perry;1931-02-24
Austin;Park;1974-08-03
Kari;Gates;1994-08-24
Miranda;Sanchez;1943-07-06
Terri;Ware;1998-06-24
Emily;Johns;1930-07-23
Rachael;Martin;1938-04-06
Daniel;Peck;1994-04-24
Amanda;Church;1943-07-23
Jennifer;Knapp;1993-10-26
Christine;Marsh;1915-02-11
Joy;Lloyd;1954-10-20
Heidi;Williamson;1991-08-18
Melanie;Morales;1942-06-17
Erika;Mason;1990-10-03
Mark;Williams;1917-02-23
Samuel;Baldwin;1914-04-12
Dominique;Lopez;1931-10-27
Jessica;Martinez;1906-10-16
Kim;Scott;1995-03-10
Matthew;Chavez;1935-06-17
Aaron;Ramos;1939-12-10
Lisa;Jackson;1956-07-29
Tara;Smith;1926-08-13
Jill;Palmer;1993-07-26
Sharon;Carpenter;1958-12-24
Michael;Harris;1969-12-04
Zachary;Callahan;1937-12-11
Rebecca;Hernandez;1995-10-29
Jeffrey;Brandt;1918-01-06
Anthony;Brown;1948-05-23
Ian;Rivera;1911-01-11
Tracey;Harmon;1942-04-10
Thomas;Wiley;1977-09-13
Tammy;Henson;1990-12-06
Danny;Cole;1998-05-19
Daniel;Foster;1908-08-31
Jamie;Young;1952-05-08
Holly;Miller;1962-05-06
Alexis;Stewart;1955-08-24
Victor;Johnson;1958-05-10
Jessica;Barrett;1996-09-29
Joshua;Green;1985-12-06
Michelle;Horn;1981-10-10
Kelly;Hughes;1963-05-21
Edward;Bryant;1924-02-25
Charles;Fry;1905-06-16
Aaron;Jackson;1928-04-02
Philip;Patterson;1924-11-30
Sarah;Chase;1943-05-22
Dorothy;Colon;1953-08-19
Julie;Collins;1964-11-16
Benjamin;Holloway;1929-01-29
Jessica;Harris;1996-09-23
Ellen;Clark;1959-02-05
William;Mcknight;1957-07-09
Rebecca;Hill;1971-08-23
Luis;Leblanc;1992-06-07
Alexis;Hughes;1979-08-08
Darren;Thompson;1940-01-30
Veronica;Campbell;1948-08-12
Jeremy;Williams;1965-04-18
Kelly;Higgins;1962-09-26
Ronnie;Copeland;1938-04-24
Grant;Mueller;1948-12-12
Cynthia;Gates;1959-07-01
Patrick;Bishop;1930-02-12
Sarah;Howard;1911-07-08
Steven;Anderson;1962-10-06
Vincent;Moon;1967-06-17
Sierra;Edwards;1967-08-24
Sara;Scott;1922-02-27
Amy;Grimes;1965-03-24
Johnny;Crawford;1975-05-03
Manuel;Wilson;1995-09-15
Kristin;Glenn;1987-08-29
Brenda;Torres;1990-04-07
Eric;Sanders;1925-05-14
Megan;Davis;1926-09-05
Willie;Smith;1985-02-27
Melissa;Johnson;1928-12-04
Scott;Brown;1974-04-01
Ashley;Howard;1954-10-30
Erin;Massey;1966-03-27
Zachary;Smith;1915-04-02
Juan;Molina;1969-09-19
Eric;Knapp;2000-06-11
Adam;Johnson;1962-11-11
Gary;Jones;1998-03-24
Lauren;Walters;1941-08-01
Theresa;Jordan;1903-03-19
Barbara;Snyder;1903-12-21
Gabriela;Ruiz;1965-05-13
Elizabeth;Hubbard;1973-07-05
Scott;Fleming;1925-09-14
Eric;Macdonald;1984-12-07
Robert;White;1929-10-15
Matthew;Smith;1969-11-23
James;Moore;1984-08-03
Cynthia;Knapp;1909-06-26
Steve;Duncan;1911-11-23
Corey;Stewart;1919-05-15
Jack;Khan;2001-10-18
Matthew;Campbell;1996-11-19
Gregory;Hull;1982-01-04
Daniel;Gibson;1987-12-21
Dorothy;Petersen;1942-08-21
Joshua;Rogers;1978-06-14
Daniel;Johnston;1946-11-07
Lauren;Salas;1902-08-14
Joseph;Cantrell;1998-11-11
Ryan;Walker;1933-07-18
William;Thomas;2001-03-24
Jordan;Martin;1914-02-19
Joseph;Wilson;1964-08-17
James;Johnson;1911-01-10
Christopher;Cooper;1925-01-06
David;Jordan;1903-09-13
Donald;Murillo;1972-04-06
Lori;Acosta;1955-01-28
Stephanie;Robinson;1940-06-13
Angela;Anderson;1943-01-18
Aaron;Jones;1948-08-23
Andres;Nielsen;1913-08-04
Danielle;Rush;1970-09-18
Melissa;Jones;1910-03-25
Brandi;Colon;1928-12-29
Casey;Martinez;1962-01-27
Kathleen;Espinoza;1965-07-30
Curtis;Jones;1908-03-23
Robert;Parker;1942-08-07
Linda;Nguyen;1909-10-07
Alyssa;Lopez;1989-08-30
Louis;Robinson;1983-02-19
Brittney;Jefferson;1909-09-10
Brandy;Ortega;1969-03-03
Zachary;Smith;1954-12-10
Kristen;Bishop;1982-01-01
Brian;Cruz;1956-12-26
David;Small;1958-12-25
Andrew;Perry;1998-10-17
Anthony;Griffith;1962-09-10
Jacob;Bennett;1950-12-03
Amanda;Kaufman;1980-06-20
Jordan;Hernandez;1979-07-18
Amanda;Jones;1948-05-18
Brett;Sanders;1979-11-17
Laura;Kim;1931-03-03
Maria;Huynh;1965-04-02
Andrea;Perkins;1921-03-01
Michelle;Hudson;1975-06-01
Dennis;Gardner;1916-08-23
Dawn;Welch;1986-12-11
Anthony;Huerta;1968-12-21
Erin;Cuevas;1925-01-01
Carlos;Scott;2001-09-11
Anne;Warren;1957-12-24
Michael;Lee;1981-07-04
Valerie;Hart;1975-04-12
Michael;Hubbard;2001-10-16
Nicole;Krause;1966-10-01
William;Mitchell;1972-08-18
Natalie;Martin;1927-12-17
Natasha;Williams;1955-03-16
Lee;Bailey;1932-12-15
Cassidy;Ortiz;1994-10-11
Todd;Fowler;1902-01-15
Diana;Skinner;1925-07-18
Henry;Contreras;1969-05-04
Sean;Wagner;1945-05-16
Christina;Wood;1946-06-01
Melissa;Tapia;1973-06-08
Justin;House;1976-04-01
Jessica;Tran;1902-08-31
