Samuel,Sandoval,75
Renee,Miller,92
Carrie,Delgado,30
Jamie,Johnson,70
James,Brown,102
Jessica,Duke,118
Justin,Jackson,88
Judith,Brown,113
Christine,Smith,99
Sarah,King,56
Michael,Vaughn,27
Taylor,Richards,67
Kelly,Wilson,95
Michael,Olson,73
Eduardo,Romero,25
Anita,Moody,44
Andrea,Allen,121
Bradley,Ramirez,119
Roberto,Kelly,91
Vanessa,Rosario,93
John,Atkinson,101
Bethany,Wolfe,88
Thomas,Reyes,82
John,Taylor,117
Stephanie,Bryant,90
Holly,Holt,51
Daniel,Johnson,27
Todd,Mills,67
Jennifer,White,97
Robert,Marquez,52
Sarah,James,74
Daniel,Garcia,64
Donald,Johnson,75
Eric,Guerrero,52
Vanessa,Cook,53
Mackenzie,Roberts,113
Michael,Webb,28
James,Middleton,111
Hunter,Jones,98
Timothy,Scott,77
Nancy,Sanchez,39
Michael,Martinez,51
Jay,Taylor,120
Nicole,Hardin,104
Brandy,Ellison,102
Erica,Hansen,113
Mr.,Mark,112
Dr.,Scott,27
Patricia,Adams,114
Cynthia,Morales,31
Brenda,Johnson,115
Nicole,Smith,96
Donna,Turner,76
Haley,Tucker,122
Eric,Wade,75
Thomas,Bullock,72
David,Mcmahon,75
Dwayne,Pugh,98
Kyle,Morris,70
Larry,Simmons,51
Lynn,Brown,34
Martha,Ray,118
Natasha,Stone,46
Teresa,Perez,52
Marie,Aguilar,50
Dawn,Ellis,61
Sean,Patel,44
Allison,Carter,55
Valerie,Estrada,122
Allison,Peterson,91
Kyle,Davis,118
Jennifer,Bates,95
Jesse,Smith,36
Eric,Owens,28
Carrie,Allen,102
Connor,Burns,104
Laura,Allen,107
Edward,Perez,66
Ian,Martinez,99
Nicholas,Green,45
Scott,Riley,54
Robert,Ortiz,69
Eric,Berger,26
April,Travis,38
Chris,Ramos,28
Elizabeth,Fischer,42
Mitchell,Mckinney,53
Anthony,Morrow,103
Jessica,Burke,53
Taylor,Woods,67
Dean,Reed,82
Lori,Lucero,50
Jessica,Huffman,57
Christopher,Dyer,80
April,Smith,80
Gary,Lee,90
Patrick,Freeman,100
Dennis,Lawson,81
Brian,Santos,21
Dawn,Craig,103
Tamara,Walker,101
William,Morris,86
Anthony,Morse,66
Briana,Mcgee,108
James,Kim,81
Amanda,Thompson,41
Jeffrey,Morgan,84
Patricia,Smith,113
Troy,Moreno,68
David,Hendrix,113
Martin,Jackson,41
Caleb,Allen,117
Kimberly,Ramirez,24
Donald,Rogers,62
Calvin,Tucker,31
Crystal,Dixon,105
Jorge,Thornton,108
Pamela,Gonzalez,75
Angel,Allen,99
Ricky,Black,107
Chad,Miller,94
Albert,Buchanan,87
Mr.,Jordan,118
Michael,Jones,33
Christina,Hamilton,68
Matthew,Simmons,104
Henry,Black,81
Laura,Flores,94
Patrick,Vega,25
Holly,Lopez,120
Bianca,Patel,47
Elizabeth,Collins,90
Curtis,Williamson,61
Autumn,Cummings,92
Melissa,Shea,51
Barbara,Roberts,88
Julie,Knight,53
Chad,Brown,103
Raymond,Khan,112
Marvin,Mccarty,67
Thomas,Williams,55
Stacie,Delgado,110
Nicole,Marsh,75
Michael,Myers,93
Ronald,Strickland,115
April,Davis,119
Kristy,Peters,106
Isaiah,Maynard,42
Tina,Martinez,92
Lawrence,Smith,42
Jason,Stevenson,68
Grant,Reese,36
Joyce,Williams,23
Joseph,Torres,102
Jill,York,41
Bryan,Vargas,114
Nicole,Winters,118
Mindy,Jordan,105
Angelica,Peterson,22
Scott,Peterson,90
Jill,Riley,100
Monica,Ramirez,119
Dennis,Steele,77
Carol,Ray,113
Erica,Stewart,68
Anthony,Gonzalez,28
Monica,Sharp,107
Michael,Thomas,87
Margaret,Rocha,64
Steven,Adams,89
Stacey,Hays,78
Stephanie,Gonzalez,107
Cassie,Nicholson,103
Frances,Garcia,80
Allison,Williams,106
Ryan,Walker,88
Kristine,Hunt,70
George,Garcia,24
Benjamin,James,90
Jason,Brown,90
Nichole,Johnson,94
Edward,Harris,88
Tonya,Hardy,63
Mario,Brown,85
Gregory,Meadows,52
Dr.,Julie,34
Christian,Roth,84
Timothy,Cowan,66
Nicole,Hayes,85
Amanda,King,97
Catherine,Dunlap,57
Kyle,Young,93
Jennifer,Hoffman,122
Ruth,Mendez,112
Desiree,Harmon,75
Benjamin,Smith,95
Mr.,Lee,50
Brittany,Jackson,116
Jordan,Colon,78
Patrick,Williams,81
Michael,Strickland,41
Penny,Wheeler,62
Peter,Figueroa,49
Patricia,Chang,75
Charles,Lawson,30
Rachael,Sutton,76
Patrick,Wells,101
Joseph,Wilkinson,35
Mary,Jones,65
Stephen,Hayes,49
Ronald,Mann,79
Emily,Johnson,34
Crystal,Duncan,39
Jeffery,Santana,61
Maria,Williamson,69
Christine,Cobb,29
Andrea,Salinas,86
Sara,Turner,35
Jason,Reyes,87
Donna,Logan,69
Mark,Rogers,101
Anthony,Edwards,122
Thomas,Lucas,39
Jacqueline,Serrano,60
Jennifer,Campbell,95
Jacqueline,Taylor,68
Gregory,Thomas,56
Shelly,Wilkerson,38
Jared,Blackburn,58
April,Smith,54
Jessica,Gordon,55
Christopher,Torres,23
Erica,Turner,49
Danielle,Harris,41
Terry,Hodges,64
John,Adams,43
Jason,Lee,42
Evelyn,Owens,41
Mrs.,Angelica,75
Michelle,Torres,92
Kathleen,Walker,57
Edward,Hammond,61
Shelia,Clark,84
Monique,Smith,96
John,Price,54
Matthew,Blair,57
Robert,Little,94
Patrick,Cooper,62
Mary,Gonzalez,113
Morgan,Martin,48
Luke,Griffith,28
Matthew,Dunn,82
Brad,Henderson,85
Pamela,Callahan,95
Rebekah,Hubbard,104
Theodore,Barber,48
Kim,Frank,69
Lisa,Davis,115
Jason,Thomas,45
Justin,Livingston,35
Mrs.,Kathy,95
Jonathan,Strong,58
Sean,Sawyer,113
Wendy,Jones,27
Douglas,Paul,88
Jennifer,Meyer,22
Rebecca,Watson,68
Danielle,Johnson,116
Stephen,Fleming,39
Ricardo,Walsh,62
Joseph,Adams,31
Kimberly,Scott,63
Tracy,Galloway,58
Tina,Herrera,61
Anna,Davis,101
Amy,Moore,80
Brian,Kaufman,118
Kristin,Smith,56
Denise,Henson,118
Victoria,Willis,74
Sean,Gutierrez,25
John,Ball,101
Lisa,Martinez,94
Whitney,Woods,67
Charles,Ramirez,56
Seth,Jones,90
John,Ellis,115
Katie,Johnson,113
Tammie,Vaughan,46
Paul,Freeman,110
Tony,Moore,44
Andrew,Gardner,83
Keith,Davis,30
James,Miles,86
Gabrielle,Nguyen,38
Tabitha,Martinez,109
Robert,Blair,57
Holly,Wilson,39
Lauren,Campos,53
Wanda,Harris,122
Daniel,Day,23
Christina,Wall,90
Shawn,Beltran,42
Phillip,Hart,100
Pamela,Francis,63
Elizabeth,Kim,114
Valerie,Coleman,119
Jenna,Perez,112
Jeremy,Sutton,121
Tami,Henson,78
Robert,Weiss,46
William,Armstrong,46
Sarah,Thomas,52
Roy,Martin,43
Brian,Buck,63
Alex,Young,60
Destiny,Williams,91
Laura,Thomas,97
Paul,Glover,102
Stephen,Branch,57
James,Perez,44
Victoria,Boyd,83
Kimberly,Colon,118
Kathy,Brewer,110
Jeremy,Christensen,89
Rachel,Morris,44
Joseph,Ochoa,121
Shawn,Morgan,58
Ariana,Wagner,106
Donna,Miller,36
Anthony,Pruitt,36
Morgan,Wang,37
Molly,Petty,34
Clifford,Stewart,54
Jennifer,Zavala,119
Jerry,Parker,71
Jennifer,Walker,31
Jacob,Jones,87
Kimberly,Stewart,55
Lauren,Melendez,64
Jodi,Cox,97
Tammy,Kelly,43
Jennifer,Perry,80
Jennifer,Barry,78
Steve,Thomas,89
Kathleen,Garza,113
James,Jackson,44
Rachel,Lutz,101
Crystal,Arnold,49
Michael,Cooper,89
Thomas,Conner,56
Michael,Robinson,80
Sherry,Carroll,86
Michelle,Golden,118
Shelby,Richardson,54
Jerome,Perry,89
Evelyn,Watts,81
Anna,Hudson,94
James,Ruiz,86
Juan,Watson,23
Rebecca,Rodriguez,121
Brittany,Miller,57
Jacqueline,Skinner,116
Lauren,Cox,63
Courtney,Jensen,119
Jimmy,Gallagher,40
Parker,Martinez,71
Angela,Taylor,77
Jeremy,Joyce,83
Laura,Booth,29
Alexandra,Reynolds,62
Eric,Owens,91
Sherry,Garcia,36
Thomas,Peterson,79
Alicia,Fisher,116
Jason,Blankenship,106
Taylor,Gregory,22
Christopher,Sullivan,27
Denise,Meyer,113
Jacqueline,Gordon,69
James,Thomas,53
Benjamin,Turner,114
Kevin,Woods,82
Catherine,Garrison,94
Patricia,Boyd,80
Paula,Olsen,40
Heather,Walton,80
Christina,Riggs,77
Michael,Osborne,81
Jessica,Mann,118
Michael,Cruz,45
John,Miller,116
Jacqueline,Jones,23
Dennis,Dodson,79
Sheryl,Murphy,83
Nicole,Newman,87
Austin,Stanley,67
Kevin,Martinez,31
Anne,Mcdaniel,32
Ryan,Pena,111
Krystal,Wade,88
Dennis,Brewer,33
Christie,Nelson,50
Tammy,Scott,104
Mark,Tate,30
Lauren,Huynh,96
Hayley,Reed,114
Tyler,Steele,33
Frederick,Mccarty,81
Jacqueline,Shannon,60
Oscar,Robinson,43
Mark,Hall,38
Jamie,Rodriguez,70
Ronald,Edwards,22
Danielle,Wright,92
Dawn,Nelson,54
Christina,Hodge,49
Adam,Anderson,91
Elizabeth,Mcdowell,79
Michelle,Crawford,84
Melissa,James,38
Andre,Gonzalez,96
Jason,Jenkins,49
John,Knox,90
Robert,Bowen,71
Crystal,Barnes,39
Daniel,Williams,61
Christopher,Ray,94
Troy,Vance,33
Frank,Martin,46
Daniel,Allen,91
Jeremy,Morton,38
Patricia,Lee,47
Elizabeth,Roy,24
Erica,Mathis,43
Janet,Munoz,78
Sabrina,Mason,98
Raymond,Smith,59
Sandra,Ponce,103
Steven,Montoya,33
Mario,Hoffman,50
Tammy,Anderson,116
Michelle,Adams,80
Brooke,Wood,118
Jason,Singh,63
Nicholas,Perry,55
Melissa,Morgan,111
Linda,Nelson,36
Ashley,Sweeney,86
Leslie,Miller,77
Wendy,Russell,83
David,Case,41
Julie,Kaiser,97
Lisa,Hoover,121
Elizabeth,Peterson,51
Michelle,Sullivan,62
Krista,Gray,79
Diane,Ramirez,50
Dr.,Anthony,37
Emma,Krause,72
Eric,Wilson,105
Jill,Perez,75
Katherine,Martin,112
Anthony,Blankenship,66
Carrie,Rice,90
William,Johnson,70
Nicole,Mccoy,66
Megan,Bailey,39
Andrew,Hobbs,90
Isaiah,Morrow,93
Jeffrey,Johnson,30
Joseph,Compton,22
Lisa,Ramirez,111
Denise,Thompson,46
Brent,Taylor,103
William,Young,40
Stephen,Herrera,38
Casey,Smith,112
Sara,Gillespie,42
Elizabeth,Thomas,95
Melissa,Huang,45
Mary,Curtis,51
Christina,Robertson,60
Jacqueline,Miller,47
Steven,Wise,93
Laura,Ortiz,91
Sheena,Gonzalez,47
Kevin,Taylor,28
Kimberly,Phillips,118
Brenda,Brown,118
Kristina,Dean,80
Darlene,Shaw,77
Marissa,Gibson,39
Danielle,Williams,33
Christopher,Payne,23
Todd,Kelly,94
David,Romero,98
Leslie,Johnson,21
George,Bass,101
Nicole,Marshall,118
Dr.,Todd,23
Shannon,Stephenson,45
Karen,Austin,114
Scott,Randolph,32
Alyssa,Ayala,21
Peter,Wolfe,73
Jill,Jacobs,88
Christopher,Ibarra,61
Jacob,Young,110
Anna,White,38
Alan,Valenzuela,96
Courtney,Rodriguez,28
Gregory,Herrera,44
Frank,Bush,61
Ryan,Castillo,30
Sandy,Delgado,89
Olivia,Wilson,82
Sandra,Martin,101
Miguel,Johnson,26
Patricia,Lewis,98
Larry,Martin,57
Dana,Keith,87
Charles,Evans,106
Rachel,Mathews,106
Samuel,Robertson,36
Traci,Griffith,69
David,Young,27
Christopher,Lane,80
Michael,Allen,94
Kristina,Obrien,100
Angela,Allen,102
Jordan,Cook,117
Jennifer,Johnson,41
Sean,Jones,122
Dustin,Porter,53
Sandra,Edwards,79
Mr.,Michael,73
William,Washington,64
Nichole,Hopkins,42
Vanessa,Pineda,58
Dr.,Heather,54
Dr.,Katherine,56
Emily,Charles,50
Kimberly,Walker,118
John,Beasley,89
John,Hill,83
Zachary,Kim,44
Stephanie,Howard,117
Leah,Wall,51
Tanya,Henderson,100
Guy,Hill,29
Adriana,Young,24
Randall,Williams,108
Jennifer,Haynes,50
Catherine,Wilson,117
Briana,Mays,64
Sabrina,Finley,66
Crystal,Lee,35
Alexandra,Becker,117
Cristina,Reynolds,108
Ricardo,Davis,72
Anthony,Smith,102
Amy,Hernandez,107
Jonathan,Acevedo,38
Jaclyn,Harris,23
David,Davis,90
Timothy,Wilkinson,77
Daniel,Duncan,97
Gloria,Potter,110
Luis,Dodson,115
Tamara,Maxwell,80
Emily,Kramer,68
Amy,Morris,61
John,Sanders,102
Chloe,Doyle,119
Alyssa,Garcia,71
Jessica,Holland,121
Gary,Rose,52
Brandon,Martinez,97
William,Jackson,78
Brianna,Stephens,113
Jennifer,Rivera,45
Melissa,Clark,29
Mr.,John,24
Ashley,Williams,93
Shannon,Jones,39
Deborah,Ford,65
Kerry,Moreno,120
Lisa,Quinn,55
Amanda,Novak,73
Angela,Mullins,84
Angela,Miller,32
Melissa,Ferguson,94
Brian,May,61
Casey,Cox,60
William,Burns,99
Dennis,Golden,103
Lacey,Perez,36
Corey,Padilla,44
Gina,Delacruz,57
Scott,Allen,87
Wendy,Walker,25
Mrs.,Autumn,55
Tina,Robles,114
Randy,Sexton,102
Sarah,Robertson,62
Willie,Bryant,48
Laura,Diaz,57
Jennifer,Evans,31
Jason,Waters,55
Brian,Johnson,93
Robert,Cooper,66
Brett,Carr,60
Justin,Fuller,63
Sara,Buck,93
Lisa,Fowler,28
Scott,Henderson,93
Erik,Noble,89
Shaun,Brown,42
Christopher,Heath,107
Jessica,Mayo,101
Tammy,Barnes,34
Maria,Russell,71
Ann,Lane,105
Timothy,Davenport,31
Melissa,Warner,82
Stephanie,Jackson,82
Brenda,Hubbard,42
Kevin,Brown,28
Christine,Diaz,66
James,Moss,84
Julie,Cole,87
Rachel,Gomez,50
Ryan,Smith,36
Kristen,Jensen,98
Kara,Martinez,63
Jasmine,Phillips,26
Brian,Mendoza,109
Michael,Avery,53
Kenneth,Larson,99
Lawrence,Brown,69
Alexandra,Thompson,107
Angela,Williams,35
Rebecca,Stephenson,122
Tammy,Evans,103
William,Juarez,49
Eric,Mitchell,38
Shelby,Howard,93
Bruce,Simmons,112
Lisa,Diaz,57
Heather,May,59
George,Miller,32
Barry,Hawkins,49
Sharon,Hicks,108
Anna,Wright,48
Christine,Berry,44
Kenneth,Reed,70
Todd,Foster,67
Maria,Jones,105
Robert,Randolph,51
Linda,Sullivan,45
Matthew,King,56
Brett,Harrison,103
Andrew,Deleon,25
Timothy,Mercer,109
Tiffany,Jackson,92
Benjamin,Garcia,63
Tyler,Black,114
Kimberly,Phillips,22
Amanda,Douglas,72
Nicholas,Robinson,21
Justin,Wright,39
Mandy,West,38
Alexis,Wilson,112
William,Brown,72
Joel,King,54
Tracy,Gallagher,85
Caitlin,Gray,75
Alison,Rangel,74
Angela,Watson,27
Antonio,Davis,44
Jessica,Ball,101
Jacqueline,Roth,116
Nancy,Schmidt,50
Robert,Jensen,46
Alexandra,Brown,29
Cynthia,Allison,51
Angel,David,122
Mr.,Brian,60
Steven,Moore,37
Christopher,Dominguez,47
Emily,Parker,46
Karina,Ramos,90
Anthony,Morgan,69
Brooke,Griffith,121
James,Gardner,52
Deborah,Price,50
Kim,Baker,113
Stephen,Foster,113
Christopher,Mills,53
Kathy,Frank,92
Kim,Cox,61
Nancy,Maldonado,115
Linda,Gregory,59
Jennifer,Morse,107
Cameron,Rodgers,71
Jeffrey,Rivera,62
Lisa,Cook,64
Kenneth,Green,72
Joanna,Torres,109
Deanna,Haas,67
Michael,Collier,47
Christopher,Todd,104
Robert,Bradley,52
Kayla,Villarreal,93
Jasmine,Lee,112
Stephen,Walker,98
Janet,Lewis,40
Nicholas,Tran,27
Diane,Tyler,45
Jonathan,Ryan,74
Elizabeth,Moore,68
Colleen,Hughes,71
Judith,Diaz,80
Kevin,Williams,100
Kimberly,Rush,26
Brandon,Rodriguez,37
Kimberly,Smith,27
Tracy,Hayes,119
Jessica,Reynolds,78
Michael,Nguyen,48
Mr.,Donald,117
Erika,Daniels,99
Alexis,Hendrix,22
Terri,Raymond,36
Antonio,Diaz,122
Brianna,Martin,72
Tracy,Sosa,121
Julie,Fernandez,39
Amber,Cooley,120
Jonathan,Gilbert,112
Stephen,Alvarado,21
Lauren,Aguilar,62
Douglas,Parker,114
Bruce,Welch,43
Anthony,Simmons,26
Stephanie,Chen,63
Phillip,Oneill,98
Michael,Barnes,27
Melissa,Thompson,95
Tammy,Summers,116
Michelle,Lynch,47
Jessica,Robles,36
Annette,Howard,80
Bradley,Green,97
Edward,Perez,100
Lauren,Fields,34
Jocelyn,Cline,107
Alyssa,Cole,62
Christopher,Simmons,40
Ryan,Carlson,23
David,Juarez,105
Kristy,Beltran,78
Angela,Richardson,47
James,West,61
Robert,Johnson,119
Sarah,Wilson,111
James,Sanchez,38
Kimberly,Solis,106
Kristen,Hart,87
Kenneth,Sanchez,51
John,Weaver,115
Jacqueline,Garcia,66
Donna,Skinner,111
Patrick,Lindsey,29
Shane,Vasquez,36
Gina,Thompson,65
Mrs.,Alexandra,21
Robert,Jones,35
Michelle,Mayo,115
Nathan,Yang,82
Austin,Sanders,48
Charles,Adkins,103
Dwayne,Rice,95
Mark,Russell,42
Jonathan,Li,77
Daniel,Howard,49
Daniel,Garcia,25
Amanda,Beck,106
Robin,Page,118
Bradley,Ferguson,56
Colin,Rodriguez,34
Miguel,Sanchez,31
Matthew,James,57
Mary,Munoz,107
Wesley,Wilson,102
Tony,Jones,111
Mr.,Charles,45
Douglas,Phillips,67
Kathleen,Kelly,47
Gary,Campbell,105
Brian,Cook,61
Jennifer,Nelson,94
Caitlin,Todd,42
Tara,Knight,46
Michael,Reilly,120
James,Jones,39
Samantha,Rivera,85
Carol,Simpson,71
Zachary,Mitchell,65
Marvin,Miller,91
Lindsay,Cox,40
Kimberly,Thomas,57
Rachel,Bartlett,120
Austin,Johnson,83
Angela,Douglas,85
James,Johnson,21
Robert,Barnes,48
Kristina,Pittman,104
Nancy,Johns,28
Kimberly,Garcia,40
Ronald,Mcdonald,29
Lori,Reyes,105
Amanda,Wilson,30
Jennifer,Bradley,59
Wesley,Patterson,49
Mary,Perry,91
Austin,Park,48
Kari,Gates,28
Miranda,Sanchez,79
Terri,Ware,24
Emily,Johns,92
Rachael,Martin,84
Daniel,Peck,28
Amanda,Church,79
Jennifer,Knapp,29
Christine,Marsh,107
Joy,Lloyd,68
Heidi,Williamson,31
Melanie,Morales,80
Erika,Mason,32
Mark,Williams,105
Samuel,Baldwin,108
Dominique,Lopez,91
Jessica,Martinez,116
Kim,Scott,27
Matthew,Chavez,87
Aaron,Ramos,82
Lisa,Jackson,66
Tara,Smith,96
Jill,Palmer,29
Sharon,Carpenter,63
Michael,Harris,52
Zachary,Callahan,84
Rebecca,Hernandez,27
Jeffrey,Brandt,104
Anthony,Brown,74
Ian,Rivera,111
Tracey,Harmon,80
Thomas,Wiley,45
Tammy,Henson,31
Danny,Cole,24
Daniel,Foster,114
Jamie,Young,70
Holly,Miller,60
Alexis,Stewart,67
Victor,Johnson,64
Jessica,Barrett,26
Joshua,Green,36
Michelle,Horn,41
Kelly,Hughes,59
Edward,Bryant,98
Charles,Fry,117
Aaron,Jackson,94
Philip,Patterson,97
Sarah,Chase,79
Dorothy,Colon,69
Julie,Collins,57
Benjamin,Holloway,93
Jessica,Harris,26
Ellen,Clark,63
William,Mcknight,65
Rebecca,Hill,51
Luis,Leblanc,30
Alexis,Hughes,43
Darren,Thompson,82
Veronica,Campbell,74
Jeremy,Williams,57
Kelly,Higgins,60
Ronnie,Copeland,84
Grant,Mueller,73
Cynthia,Gates,63
Patrick,Bishop,92
Sarah,Howard,111
Steven,Anderson,60
Vincent,Moon,55
Sierra,Edwards,55
Sara,Scott,100
Amy,Grimes,57
Johnny,Crawford,47
Manuel,Wilson,27
Kristin,Glenn,35
Brenda,Torres,32
Eric,Sanders,97
Megan,Davis,96
Willie,Smith,37
Melissa,Johnson,93
Scott,Brown,48
Ashley,Howard,68
Erin,Massey,56
Zachary,Smith,107
Juan,Molina,53
Eric,Knapp,22
Adam,Johnson,59
Gary,Jones,24
Lauren,Walters,81
Theresa,Jordan,119
Barbara,Snyder,118
Gabriela,Ruiz,57
Elizabeth,Hubbard,49
Scott,Fleming,97
Eric,Macdonald,37
Robert,White,93
Matthew,Smith,52
James,Moore,38
Cynthia,Knapp,113
Steve,Duncan,110
Corey,Stewart,103
Jack,Khan,21
Matthew,Campbell,25
Gregory,Hull,40
Daniel,Gibson,34
Dorothy,Petersen,80
Joshua,Rogers,44
Daniel,Johnston,75
Lauren,Salas,120
Joseph,Cantrell,23
Ryan,Walker,89
William,Thomas,21
Jordan,Martin,108
Joseph,Wilson,58
James,Johnson,111
Christopher,Cooper,97
David,Jordan,119
Donald,Murillo,50
Lori,Acosta,67
Stephanie,Robinson,82
Angela,Anderson,79
Aaron,Jones,74
Andres,Nielsen,109
Danielle,Rush,52
Melissa,Jones,112
Brandi,Colon,93
Casey,Martinez,60
Kathleen,Espinoza,57
Curtis,Jones,114
Robert,Parker,80
Linda,Nguyen,113
Alyssa,Lopez,33
Louis,Robinson,39
Brittney,Jefferson,113
Brandy,Ortega,53
Zachary,Smith,67
Kristen,Bishop,40
Brian,Cruz,65
David,Small,63
Andrew,Perry,24
Anthony,Griffith,60
Jacob,Bennett,71
Amanda,Kaufman,42
Jordan,Hernandez,43
Amanda,Jones,74
Brett,Sanders,42
Laura,Kim,91
Maria,Huynh,57
Andrea,Perkins,101
Michelle,Hudson,47
Dennis,Gardner,106
Dawn,Welch,35
Anthony,Huerta,53
Erin,Cuevas,97
Carlos,Scott,21
Anne,Warren,64
Michael,Lee,41
Valerie,Hart,47
Michael,Hubbard,21
Nicole,Krause,56
William,Mitchell,50
Natalie,Martin,94
Natasha,Williams,67
Lee,Bailey,89
Cassidy,Ortiz,28
Todd,Fowler,120
Diana,Skinner,97
Henry,Contreras,53
Sean,Wagner,77
Christina,Wood,76
Melissa,Tapia,49
Justin,House,46
Jessica,Tran,120
